{
  "version": 1,
  "mode": "easy",
  "category": "nonverbal",
  "slug": "ratio_nonverbal_2q",
  "title": "かんたん受験 - 非言語（割合2問）",
  "description": "割合計算の基礎を確認する2問です。",
  "time_per_question_sec": 60,
  "questions": [
    {
      "id": "Q1",
      "type": "mc",
      "prompt_html": "ある学校で、男子が120人、女子が80人います。全体に占める女子の割合は何%か。必要に応じて、小数点第一位を四捨五入せよ。",
      "options": ["33%", "40%", "50%", "60%"],
      "answer_index": 1
    },
    {
      "id": "Q2",
      "type": "mc",
      "prompt_html": "ある商品を原価の25%引きで販売したところ、売価は1500円でした。商品の原価はいくらか。",
      "options": ["1500円", "1800円", "2000円", "2200円"],
      "answer_index": 2
    }
  ]
}
